delivery_id,delivery_date,status
1,2026-03-01,on_time
2,2026-03-02,lost
3,2026-03-03,on_time
4,2026-03-04,on_time
5,2026-03-05,on_time
6,2026-03-06,on_time
7,2026-03-07,on_time
8,2026-03-08,delayed
9,2026-03-09,on_time
10,2026-03-10,on_time
11,2026-03-11,on_time
12,2026-03-12,lost
13,2026-03-13,delayed
14,2026-03-14,on_time
15,2026-03-15,on_time
16,2026-03-16,on_time
17,2026-03-17,on_time
18,2026-03-18,on_time
19,2026-03-19,on_time
20,2026-03-20,on_time
21,2026-03-21,on_time
22,2026-03-22,on_time
23,2026-03-23,on_time
24,2026-03-24,on_time
25,2026-03-25,on_time
26,2026-03-26,on_time
27,2026-03-27,on_time
28,2026-03-28,on_time
29,2026-03-29,on_time
30,2026-03-30,on_time
31,2026-03-31,on_time
32,2026-04-01,on_time
33,2026-04-02,on_time
34,2026-04-03,delayed
35,2026-04-04,lost
36,2026-04-05,delayed
37,2026-04-06,on_time
38,2026-04-07,on_time
39,2026-04-08,on_time
40,2026-04-09,on_time
41,2026-04-10,on_time
42,2026-04-11,on_time
43,2026-04-12,on_time
44,2026-04-13,delayed
45,2026-04-14,on_time
46,2026-04-15,on_time
47,2026-04-16,on_time
48,2026-04-17,on_time
49,2026-04-18,on_time
50,2026-04-19,on_time
51,2026-04-20,lost
52,2026-04-21,on_time
53,2026-04-22,delayed
54,2026-04-23,delayed
55,2026-04-24,on_time
56,2026-04-25,delayed
57,2026-04-26,on_time
58,2026-04-27,on_time
59,2026-04-28,on_time
60,2026-04-29,on_time
61,2026-04-30,on_time
62,2026-05-01,on_time
63,2026-05-02,delayed
64,2026-05-03,on_time
65,2026-05-04,on_time
66,2026-05-05,on_time
67,2026-05-06,on_time
68,2026-05-07,delayed
69,2026-05-08,on_time
70,2026-05-09,lost
71,2026-05-10,on_time
72,2026-05-11,on_time
73,2026-05-12,on_time
74,2026-05-13,delayed
75,2026-05-14,on_time
76,2026-05-15,on_time
77,2026-05-16,on_time
78,2026-05-17,on_time
79,2026-05-18,on_time
80,2026-05-19,on_time
81,2026-05-20,delayed
82,2026-05-21,on_time
83,2026-05-22,on_time
84,2026-05-23,on_time
85,2026-05-24,on_time
86,2026-05-25,on_time
87,2026-05-26,on_time
88,2026-05-27,on_time
89,2026-05-28,delayed
90,2026-05-29,on_time
91,2026-05-30,on_time
92,2026-05-31,on_time
93,2026-06-01,on_time
94,2026-06-02,on_time
95,2026-06-03,on_time
96,2026-06-04,on_time
97,2026-06-05,on_time
98,2026-06-06,on_time
99,2026-06-07,on_time
100,2026-06-08,on_time
101,2026-06-09,on_time
102,2026-06-10,on_time
103,2026-06-11,on_time
104,2026-06-12,on_time
105,2026-06-13,delayed
106,2026-06-14,on_time
107,2026-06-15,on_time
108,2026-06-16,on_time
109,2026-06-17,on_time
110,2026-06-18,on_time
111,2026-06-19,on_time
112,2026-06-20,on_time
113,2026-06-21,delayed
114,2026-06-22,delayed
115,2026-06-23,on_time
116,2026-06-24,delayed
117,2026-06-25,delayed
118,2026-06-26,on_time
119,2026-06-27,delayed
120,2026-06-28,on_time
121,2026-06-29,delayed
122,2026-06-30,delayed
123,2026-07-01,on_time
124,2026-07-02,on_time
125,2026-07-03,on_time
126,2026-07-04,on_time
127,2026-07-05,delayed
128,2026-07-06,delayed
129,2026-07-07,on_time
130,2026-07-08,on_time
131,2026-07-09,on_time
132,2026-07-10,on_time
133,2026-07-11,on_time
134,2026-07-12,on_time
135,2026-07-13,delayed
136,2026-07-14,on_time
137,2026-07-15,on_time
138,2026-07-16,on_time
139,2026-07-17,on_time
140,2026-07-18,lost
141,2026-07-19,lost
142,2026-07-20,on_time
143,2026-07-21,on_time
144,2026-07-22,on_time
145,2026-07-23,on_time
146,2026-07-24,on_time
147,2026-07-25,on_time
148,2026-07-26,on_time
149,2026-07-27,on_time
150,2026-07-28,on_time
151,2026-07-29,delayed
152,2026-07-30,on_time
153,2026-07-31,on_time
154,2026-08-01,on_time
155,2026-08-02,lost
156,2026-08-03,on_time
157,2026-08-04,on_time
158,2026-08-05,on_time
159,2026-08-06,on_time
160,2026-08-07,on_time
161,2026-08-08,on_time
162,2026-08-09,on_time
163,2026-08-10,on_time
164,2026-08-11,on_time
165,2026-08-12,on_time
166,2026-08-13,delayed
167,2026-08-14,on_time
168,2026-08-15,on_time
169,2026-08-16,on_time
170,2026-08-17,on_time
171,2026-08-18,on_time
172,2026-08-19,on_time
173,2026-08-20,on_time
174,2026-08-21,on_time
175,2026-08-22,on_time
176,2026-08-23,on_time
177,2026-08-24,on_time
178,2026-08-25,on_time
179,2026-08-26,delayed
180,2026-08-27,on_time
181,2026-08-28,on_time
182,2026-08-29,on_time
183,2026-08-30,delayed
184,2026-08-31,delayed
185,2026-09-01,on_time
186,2026-09-02,on_time
187,2026-09-03,delayed
188,2026-09-04,on_time
189,2026-09-05,on_time
190,2026-09-06,on_time
191,2026-09-07,on_time
192,2026-09-08,delayed
193,2026-09-09,delayed
194,2026-09-10,on_time
195,2026-09-11,on_time
196,2026-09-12,on_time
197,2026-09-13,on_time
198,2026-09-14,delayed
199,2026-09-15,delayed
200,2026-09-16,on_time
201,2026-09-17,on_time
202,2026-09-18,on_time
203,2026-09-19,on_time
204,2026-09-20,delayed
205,2026-09-21,on_time
206,2026-09-22,on_time
207,2026-09-23,on_time
208,2026-09-24,on_time
209,2026-09-25,on_time
210,2026-09-26,on_time
211,2026-09-27,on_time
212,2026-09-28,on_time
213,2026-09-29,on_time
214,2026-09-30,on_time
215,2026-10-01,on_time
216,2026-10-02,on_time
217,2026-10-03,on_time
218,2026-10-04,on_time
219,2026-10-05,on_time
220,2026-10-06,delayed
221,2026-10-07,on_time
222,2026-10-08,on_time
223,2026-10-09,on_time
224,2026-10-10,on_time
225,2026-10-11,on_time
226,2026-10-12,on_time
227,2026-10-13,lost
228,2026-10-14,on_time
229,2026-10-15,delayed
230,2026-10-16,on_time
231,2026-10-17,on_time
232,2026-10-18,on_time
233,2026-10-19,on_time
234,2026-10-20,on_time
235,2026-10-21,on_time
236,2026-10-22,on_time
237,2026-10-23,on_time
238,2026-10-24,on_time
239,2026-10-25,on_time
240,2026-10-26,on_time
241,2026-10-27,delayed
242,2026-10-28,lost
243,2026-10-29,delayed
244,2026-10-30,on_time
245,2026-10-31,on_time
246,2026-11-01,delayed
247,2026-11-02,on_time
248,2026-11-03,lost
249,2026-11-04,lost
250,2026-11-05,delayed
251,2026-11-06,on_time
252,2026-11-07,on_time
253,2026-11-08,delayed
254,2026-11-09,on_time
255,2026-11-10,on_time
256,2026-11-11,on_time
257,2026-11-12,delayed
258,2026-11-13,on_time
259,2026-11-14,on_time
260,2026-11-15,on_time
261,2026-11-16,on_time
262,2026-11-17,lost
263,2026-11-18,on_time
264,2026-11-19,on_time
265,2026-11-20,delayed
266,2026-11-21,on_time
267,2026-11-22,on_time
268,2026-11-23,on_time
269,2026-11-24,on_time
270,2026-11-25,on_time
271,2026-11-26,delayed
272,2026-11-27,delayed
273,2026-11-28,delayed
274,2026-11-29,delayed
275,2026-11-30,on_time
276,2026-12-01,on_time
277,2026-12-02,on_time
278,2026-12-03,on_time
279,2026-12-04,on_time
280,2026-12-05,on_time
281,2026-12-06,delayed
282,2026-12-07,on_time
283,2026-12-08,on_time
284,2026-12-09,on_time
285,2026-12-10,on_time
286,2026-12-11,on_time
287,2026-12-12,on_time
288,2026-12-13,on_time
289,2026-12-14,on_time
290,2026-12-15,on_time
291,2026-12-16,on_time
292,2026-12-17,on_time
293,2026-12-18,delayed
294,2026-12-19,on_time
295,2026-12-20,on_time
296,2026-12-21,on_time
297,2026-12-22,on_time
298,2026-12-23,on_time
299,2026-12-24,on_time
300,2026-12-25,on_time
301,2026-12-26,on_time
302,2026-12-27,on_time
303,2026-12-28,on_time
304,2026-12-29,on_time
305,2026-12-30,on_time
306,2026-12-31,lost
307,2027-01-01,on_time
308,2027-01-02,on_time
309,2027-01-03,on_time
310,2027-01-04,on_time
311,2027-01-05,on_time
312,2027-01-06,on_time
313,2027-01-07,on_time
314,2027-01-08,lost
315,2027-01-09,delayed
316,2027-01-10,on_time
317,2027-01-11,on_time
318,2027-01-12,on_time
319,2027-01-13,on_time
320,2027-01-14,on_time
321,2027-01-15,on_time
322,2027-01-16,on_time
323,2027-01-17,on_time
324,2027-01-18,on_time
325,2027-01-19,lost
326,2027-01-20,on_time
327,2027-01-21,on_time
328,2027-01-22,on_time
329,2027-01-23,on_time
330,2027-01-24,on_time
331,2027-01-25,on_time
332,2027-01-26,on_time
333,2027-01-27,on_time
334,2027-01-28,on_time
335,2027-01-29,on_time
336,2027-01-30,on_time
337,2027-01-31,delayed
338,2027-02-01,on_time
339,2027-02-02,on_time
340,2027-02-03,on_time
341,2027-02-04,on_time
342,2027-02-05,on_time
343,2027-02-06,on_time
344,2027-02-07,on_time
345,2027-02-08,on_time
346,2027-02-09,on_time
347,2027-02-10,on_time
348,2027-02-11,on_time
349,2027-02-12,on_time
350,2027-02-13,on_time
351,2027-02-14,on_time
352,2027-02-15,delayed
353,2027-02-16,on_time
354,2027-02-17,on_time
355,2027-02-18,on_time
356,2027-02-19,on_time
357,2027-02-20,on_time
358,2027-02-21,on_time
359,2027-02-22,delayed
360,2027-02-23,on_time
361,2027-02-24,on_time
362,2027-02-25,on_time
363,2027-02-26,on_time
364,2027-02-27,on_time
365,2027-02-28,delayed
366,2027-03-01,on_time
367,2027-03-02,lost
368,2027-03-03,delayed
369,2027-03-04,on_time
370,2027-03-05,on_time
371,2027-03-06,on_time
372,2027-03-07,on_time
373,2027-03-08,on_time
374,2027-03-09,on_time
375,2027-03-10,on_time
376,2027-03-11,on_time
377,2027-03-12,delayed
378,2027-03-13,on_time
379,2027-03-14,delayed
380,2027-03-15,on_time
381,2027-03-16,on_time
382,2027-03-17,on_time
383,2027-03-18,on_time
384,2027-03-19,delayed
385,2027-03-20,on_time
386,2027-03-21,delayed
387,2027-03-22,on_time
388,2027-03-23,on_time
389,2027-03-24,on_time
390,2027-03-25,delayed
391,2027-03-26,lost
392,2027-03-27,on_time
393,2027-03-28,on_time
394,2027-03-29,on_time
395,2027-03-30,on_time
396,2027-03-31,delayed
397,2027-04-01,delayed
398,2027-04-02,on_time
399,2027-04-03,on_time
400,2027-04-04,on_time
401,2027-04-05,on_time
402,2027-04-06,delayed
403,2027-04-07,on_time
404,2027-04-08,delayed
405,2027-04-09,on_time
406,2027-04-10,delayed
407,2027-04-11,on_time
408,2027-04-12,on_time
409,2027-04-13,delayed
410,2027-04-14,on_time
411,2027-04-15,on_time
412,2027-04-16,lost
413,2027-04-17,lost
414,2027-04-18,on_time
415,2027-04-19,on_time
416,2027-04-20,on_time
417,2027-04-21,on_time
418,2027-04-22,on_time
419,2027-04-23,on_time
420,2027-04-24,on_time
421,2027-04-25,on_time
422,2027-04-26,on_time
423,2027-04-27,on_time
424,2027-04-28,on_time
425,2027-04-29,on_time
426,2027-04-30,on_time
427,2027-05-01,on_time
428,2027-05-02,delayed
429,2027-05-03,on_time
430,2027-05-04,on_time
431,2027-05-05,on_time
432,2027-05-06,on_time
433,2027-05-07,on_time
434,2027-05-08,on_time
435,2027-05-09,on_time
436,2027-05-10,on_time
437,2027-05-11,on_time
438,2027-05-12,delayed
439,2027-05-13,on_time
440,2027-05-14,on_time
441,2027-05-15,on_time
442,2027-05-16,lost
443,2027-05-17,on_time
444,2027-05-18,on_time
445,2027-05-19,delayed
446,2027-05-20,delayed
447,2027-05-21,lost
448,2027-05-22,on_time
449,2027-05-23,on_time
450,2027-05-24,on_time
451,2027-05-25,on_time
452,2027-05-26,on_time
453,2027-05-27,on_time
454,2027-05-28,delayed
455,2027-05-29,on_time
456,2027-05-30,on_time
457,2027-05-31,on_time
458,2027-06-01,on_time
459,2027-06-02,on_time
460,2027-06-03,on_time
461,2027-06-04,on_time
462,2027-06-05,on_time
463,2027-06-06,on_time
464,2027-06-07,on_time
465,2027-06-08,lost
466,2027-06-09,on_time
467,2027-06-10,on_time
468,2027-06-11,delayed
469,2027-06-12,on_time
470,2027-06-13,lost
471,2027-06-14,on_time
472,2027-06-15,lost
473,2027-06-16,on_time
474,2027-06-17,delayed
475,2027-06-18,on_time
476,2027-06-19,lost
477,2027-06-20,on_time
478,2027-06-21,on_time
479,2027-06-22,lost
480,2027-06-23,on_time
481,2027-06-24,on_time
482,2027-06-25,on_time
483,2027-06-26,on_time
484,2027-06-27,on_time
485,2027-06-28,on_time
486,2027-06-29,delayed
487,2027-06-30,on_time
488,2027-07-01,on_time
489,2027-07-02,lost
490,2027-07-03,delayed
491,2027-07-04,on_time
492,2027-07-05,on_time
493,2027-07-06,on_time
494,2027-07-07,on_time
495,2027-07-08,on_time
496,2027-07-09,on_time
497,2027-07-10,on_time
498,2027-07-11,on_time
499,2027-07-12,lost
500,2027-07-13,lost
